Workbook

Sheet Transaksi
A1: BUKU TRANSAKSI / ANGGARAN
A2: Isi data pada baris transaksi. Kolom Modal Akhir dan Total/Jumlah dihitung otomatis.
A3: Tanggal | B3: Nama | C3: Tokoh | D3: Barang | E3: Nominal | F3: Pengeluaran | G3: Pemasukan | H3: Keterangan | I3: Modal Awal | J3: Modal Akhir | K3: Pengeluaran Lainnya | L3: Total/Jumlah | M3: Catatan
J4: =IF(COUNTA(A4:M4)=0,"",I4+G4-F4-K4) -> 0 | L4: =IF(COUNTA(A4:M4)=0,"",F4+G4+K4) -> 0
J5: =IF(COUNTA(A5:M5)=0,"",I5+G5-F5-K5) -> 0 | L5: =IF(COUNTA(A5:M5)=0,"",F5+G5+K5) -> 0
J6: =IF(COUNTA(A6:M6)=0,"",I6+G6-F6-K6) -> 0 | L6: =IF(COUNTA(A6:M6)=0,"",F6+G6+K6) -> 0
J7: =IF(COUNTA(A7:M7)=0,"",I7+G7-F7-K7) -> 0 | L7: =IF(COUNTA(A7:M7)=0,"",F7+G7+K7) -> 0
J8: =IF(COUNTA(A8:M8)=0,"",I8+G8-F8-K8) -> 0 | L8: =IF(COUNTA(A8:M8)=0,"",F8+G8+K8) -> 0
J9: =IF(COUNTA(A9:M9)=0,"",I9+G9-F9-K9) -> 0 | L9: =IF(COUNTA(A9:M9)=0,"",F9+G9+K9) -> 0
J10: =IF(COUNTA(A10:M10)=0,"",I10+G10-F10-K10) -> 0 | L10: =IF(COUNTA(A10:M10)=0,"",F10+G10+K10) -> 0
J11: =IF(COUNTA(A11:M11)=0,"",I11+G11-F11-K11) -> 0 | L11: =IF(COUNTA(A11:M11)=0,"",F11+G11+K11) -> 0
J12: =IF(COUNTA(A12:M12)=0,"",I12+G12-F12-K12) -> 0 | L12: =IF(COUNTA(A12:M12)=0,"",F12+G12+K12) -> 0
J13: =IF(COUNTA(A13:M13)=0,"",I13+G13-F13-K13) -> 0 | L13: =IF(COUNTA(A13:M13)=0,"",F13+G13+K13) -> 0
J14: =IF(COUNTA(A14:M14)=0,"",I14+G14-F14-K14) -> 0 | L14: =IF(COUNTA(A14:M14)=0,"",F14+G14+K14) -> 0
J15: =IF(COUNTA(A15:M15)=0,"",I15+G15-F15-K15) -> 0 | L15: =IF(COUNTA(A15:M15)=0,"",F15+G15+K15) -> 0
... J503: =IF(COUNTA(A503:M503)=0,"",I503+G503-F503-K503) -> 0 | L503: =IF(COUNTA(A503:M503)=0,"",F503+G503+K503) -> 0

Sheet Rekap
A1: REKAP OTOMATIS
A3: Total Modal Awal | B3: =SUM(Transaksi!I4:I503) -> 0
A4: Total Pemasukan | B4: =SUM(Transaksi!G4:G503) -> 0
A5: Total Pengeluaran | B5: =SUM(Transaksi!F4:F503) -> 0
A6: Total Pengeluaran Lainnya | B6: =SUM(Transaksi!K4:K503) -> 0
A7: Total/Jumlah | B7: =SUM(Transaksi!L4:L503) -> 0
A8: Modal Akhir Terakhir | B8: =IFERROR(LOOKUP(2,1/(Transaksi!J4:J503<>""),Transaksi!J4:J503),0) -> 0
A11: RINGKASAN PERIODE
A12: Tanggal Awal
A13: Tanggal Akhir
A15: Pemasukan Periode | B15: =SUMIFS(Transaksi!G4:G503,Transaksi!A4:A503,">="&B12,Transaksi!A4:A503,"<="&B13) -> 0
A16: Pengeluaran Periode | B16: =SUMIFS(Transaksi!F4:F503,Transaksi!A4:A503,">="&B12,Transaksi!A4:A503,"<="&B13) -> 0
A17: Pengeluaran Lainnya Periode | B17: =SUMIFS(Transaksi!K4:K503,Transaksi!A4:A503,">="&B12,Transaksi!A4:A503,"<="&B13) -> 0
A18: Selisih Bersih Periode | B18: =B15-B16-B17 -> 0

Sheet Pengaturan
A1: PENGATURAN TEMPLATE
D2: Daftar Tokoh / Pihak | E2: Daftar Barang | F2: Kategori
A3: Nama Pemilik / Usaha
A4: Periode
A6: Petunjuk
A7: Semua nama, tanggal, kategori, dan nominal dapat diubah.
A8: Isi transaksi pada sheet Transaksi. Rekap dan Laporan Cetak akan menghitung otomatis.
A9: Jangan menghapus kolom rumus Modal Akhir dan Total/Jumlah jika ingin otomatisasi tetap berjalan.

Sheet Laporan Cetak
A1: LAPORAN TRANSAKSI
A2: Nama: | B2: =Pengaturan!B3
A3: Periode: | B3: =Pengaturan!B4
A5: Tanggal | B5: Nama | C5: Tokoh | D5: Barang | E5: Pengeluaran | F5: Pemasukan | G5: Pengeluaran Lainnya | H5: Modal Akhir | I5: Keterangan
A6: =IF(Transaksi!A4="","",Transaksi!A4) | B6: =IF(Transaksi!A4="","",Transaksi!B4) | C6: =IF(Transaksi!A4="","",Transaksi!C4) | D6: =IF(Transaksi!A4="","",Transaksi!D4) | E6: =IF(Transaksi!A4="","",Transaksi!F4) | F6: =IF(Transaksi!A4="","",Transaksi!G4) | G6: =IF(Transaksi!A4="","",Transaksi!K4) | H6: =IF(Transaksi!A4="","",Transaksi!J4) | I6: =IF(Transaksi!A4="","",Transaksi!H4)
A7: =IF(Transaksi!A5="","",Transaksi!A5) | B7: =IF(Transaksi!A5="","",Transaksi!B5) | C7: =IF(Transaksi!A5="","",Transaksi!C5) | D7: =IF(Transaksi!A5="","",Transaksi!D5) | E7: =IF(Transaksi!A5="","",Transaksi!F5) | F7: =IF(Transaksi!A5="","",Transaksi!G5) | G7: =IF(Transaksi!A5="","",Transaksi!K5) | H7: =IF(Transaksi!A5="","",Transaksi!J5) | I7: =IF(Transaksi!A5="","",Transaksi!H5)
A8: =IF(Transaksi!A6="","",Transaksi!A6) | B8: =IF(Transaksi!A6="","",Transaksi!B6) | C8: =IF(Transaksi!A6="","",Transaksi!C6) | D8: =IF(Transaksi!A6="","",Transaksi!D6) | E8: =IF(Transaksi!A6="","",Transaksi!F6) | F8: =IF(Transaksi!A6="","",Transaksi!G6) | G8: =IF(Transaksi!A6="","",Transaksi!K6) | H8: =IF(Transaksi!A6="","",Transaksi!J6) | I8: =IF(Transaksi!A6="","",Transaksi!H6)
A9: =IF(Transaksi!A7="","",Transaksi!A7) | B9: =IF(Transaksi!A7="","",Transaksi!B7) | C9: =IF(Transaksi!A7="","",Transaksi!C7) | D9: =IF(Transaksi!A7="","",Transaksi!D7) | E9: =IF(Transaksi!A7="","",Transaksi!F7) | F9: =IF(Transaksi!A7="","",Transaksi!G7) | G9: =IF(Transaksi!A7="","",Transaksi!K7) | H9: =IF(Transaksi!A7="","",Transaksi!J7) | I9: =IF(Transaksi!A7="","",Transaksi!H7)
A10: =IF(Transaksi!A8="","",Transaksi!A8) | B10: =IF(Transaksi!A8="","",Transaksi!B8) | C10: =IF(Transaksi!A8="","",Transaksi!C8) | D10: =IF(Transaksi!A8="","",Transaksi!D8) | E10: =IF(Transaksi!A8="","",Transaksi!F8) | F10: =IF(Transaksi!A8="","",Transaksi!G8) | G10: =IF(Transaksi!A8="","",Transaksi!K8) | H10: =IF(Transaksi!A8="","",Transaksi!J8) | I10: =IF(Transaksi!A8="","",Transaksi!H8)
A11: =IF(Transaksi!A9="","",Transaksi!A9) | B11: =IF(Transaksi!A9="","",Transaksi!B9) | C11: =IF(Transaksi!A9="","",Transaksi!C9) | D11: =IF(Transaksi!A9="","",Transaksi!D9) | E11: =IF(Transaksi!A9="","",Transaksi!F9) | F11: =IF(Transaksi!A9="","",Transaksi!G9) | G11: =IF(Transaksi!A9="","",Transaksi!K9) | H11: =IF(Transaksi!A9="","",Transaksi!J9) | I11: =IF(Transaksi!A9="","",Transaksi!H9)
A12: =IF(Transaksi!A10="","",Transaksi!A10) | B12: =IF(Transaksi!A10="","",Transaksi!B10) | C12: =IF(Transaksi!A10="","",Transaksi!C10) | D12: =IF(Transaksi!A10="","",Transaksi!D10) | E12: =IF(Transaksi!A10="","",Transaksi!F10) | F12: =IF(Transaksi!A10="","",Transaksi!G10) | G12: =IF(Transaksi!A10="","",Transaksi!K10) | H12: =IF(Transaksi!A10="","",Transaksi!J10) | I12: =IF(Transaksi!A10="","",Transaksi!H10)
A13: =IF(Transaksi!A11="","",Transaksi!A11) | B13: =IF(Transaksi!A11="","",Transaksi!B11) | C13: =IF(Transaksi!A11="","",Transaksi!C11) | D13: =IF(Transaksi!A11="","",Transaksi!D11) | E13: =IF(Transaksi!A11="","",Transaksi!F11) | F13: =IF(Transaksi!A11="","",Transaksi!G11) | G13: =IF(Transaksi!A11="","",Transaksi!K11) | H13: =IF(Transaksi!A11="","",Transaksi!J11) | I13: =IF(Transaksi!A11="","",Transaksi!H11)
A14: =IF(Transaksi!A12="","",Transaksi!A12) | B14: =IF(Transaksi!A12="","",Transaksi!B12) | C14: =IF(Transaksi!A12="","",Transaksi!C12) | D14: =IF(Transaksi!A12="","",Transaksi!D12) | E14: =IF(Transaksi!A12="","",Transaksi!F12) | F14: =IF(Transaksi!A12="","",Transaksi!G12) | G14: =IF(Transaksi!A12="","",Transaksi!K12) | H14: =IF(Transaksi!A12="","",Transaksi!J12) | I14: =IF(Transaksi!A12="","",Transaksi!H12)
A15: =IF(Transaksi!A13="","",Transaksi!A13) | B15: =IF(Transaksi!A13="","",Transaksi!B13) | C15: =IF(Transaksi!A13="","",Transaksi!C13) | D15: =IF(Transaksi!A13="","",Transaksi!D13) | E15: =IF(Transaksi!A13="","",Transaksi!F13) | F15: =IF(Transaksi!A13="","",Transaksi!G13) | G15: =IF(Transaksi!A13="","",Transaksi!K13) | H15: =IF(Transaksi!A13="","",Transaksi!J13) | I15: =IF(Transaksi!A13="","",Transaksi!H13)
A16: =IF(Transaksi!A14="","",Transaksi!A14) | B16: =IF(Transaksi!A14="","",Transaksi!B14) | C16: =IF(Transaksi!A14="","",Transaksi!C14) | D16: =IF(Transaksi!A14="","",Transaksi!D14) | E16: =IF(Transaksi!A14="","",Transaksi!F14) | F16: =IF(Transaksi!A14="","",Transaksi!G14) | G16: =IF(Transaksi!A14="","",Transaksi!K14) | H16: =IF(Transaksi!A14="","",Transaksi!J14) | I16: =IF(Transaksi!A14="","",Transaksi!H14)
A17: =IF(Transaksi!A15="","",Transaksi!A15) | B17: =IF(Transaksi!A15="","",Transaksi!B15) | C17: =IF(Transaksi!A15="","",Transaksi!C15) | D17: =IF(Transaksi!A15="","",Transaksi!D15) | E17: =IF(Transaksi!A15="","",Transaksi!F15) | F17: =IF(Transaksi!A15="","",Transaksi!G15) | G17: =IF(Transaksi!A15="","",Transaksi!K15) | H17: =IF(Transaksi!A15="","",Transaksi!J15) | I17: =IF(Transaksi!A15="","",Transaksi!H15)
... A505: =IF(Transaksi!A503="","",Transaksi!A503) | B505: =IF(Transaksi!A503="","",Transaksi!B503) | C505: =IF(Transaksi!A503="","",Transaksi!C503) | D505: =IF(Transaksi!A503="","",Transaksi!D503) | E505: =IF(Transaksi!A503="","",Transaksi!F503) | F505: =IF(Transaksi!A503="","",Transaksi!G503) | G505: =IF(Transaksi!A503="","",Transaksi!K503) | H505: =IF(Transaksi!A503="","",Transaksi!J503) | I505: =IF(Transaksi!A503="","",Transaksi!H503)
